part_number,material,material_family,special_type,complexity_score,specialized_tool,tolerances,price,length,width,height,diagonal,part_volume,part_surface_area,estimated_stock_volume,estimated_part_to_stock_volume_ratio,quantity,n_holes,n_slots,estimated_machining_time,setup_count,tool_changes_count
020-01112,304 SST,Stainless Steel,No,5,No,0.25,475,1039.304,339.217,9.525,1093.3031158512263,35131.98,79085.31,3358036.48,0.010462,1,4,0,1.18816,3,4
020-01114,304 SST,Stainless Steel,No,5,No,0.25,550,1866.133,104.775,9.525,1869.0962789377652,45550.39,102523.8,1862366.6,0.024458,1,3,0,1.52146,3,4
030-00417,304 SST,Stainless Steel,No,5,No,0.25,485,844.55,403.86,57.15,937.8879062020152,1143263.56,684803.81,19492719.89,0.058651,1,4,6,0.28626,1,2
030-00418,304 SST,Stainless Steel,No,4,No,0.25,545,762.0,584.2,105.466,965.9486099974471,642074.68,1056998.73,46949233.36,0.013676,1,1,0,0.3304,3,3
030-00420,ALUM 5052-H32,Aluminum,No,3,No,0.25,250,207.264,38.1,19.05,211.59602594566846,6804.9,17464.13,150433.25,0.045235,1,3,0,0.05007,2,4
015-00356,STEEL,Carbon Steel,No,4,No,0.13,950,508.0,508.0,206.832,747.6011478214838,2047782.13,1896973.58,53375944.93,0.038365,1,29,0,0.28675,4,17
1000005051,ALUM 6061-T6,Aluminum,No,4,No,0.13,375,60.0,50.0,25.0,82.00609733428362,66572.4,11912.52,75000.0,0.887632,1,0,0,0.05075,1,4
1000005050,ALUM 6061-T6,Aluminum,No,4,No,0.13,125,30.48,30.48,11.278,44.556190187223145,2977.52,2316.45,10477.23,0.28419,1,0,0,0.02595,1,1
1038812,PEEK,Plastic,No,6,No,0.13,5280,609.6,609.6,24.892,862.4638726717775,4022075.36,662558.94,9250169.89,0.434811,1,15,0,0.59171,3,13
1038814,304 SST,Stainless Steel,No,6,No,0.13,3100,717.55,609.6,226.073,968.2970431788997,470557.25,931639.91,98888376.92,0.004758,1,4,0,3.95601,3,3
1038819,304 SST,Stainless Steel,No,6,No,0.13,3800,584.2,584.2,114.3,834.052618244197,1906428.52,678809.91,39009405.85,0.048871,1,20,0,0.44113,3,14
1038820,PEEK,Plastic,No,5,No,0.13,510,78.232,78.232,20.066,112.44170046739777,58263.81,18064.73,122808.85,0.474427,1,8,0,0.06395,1,9
1038944,ALUM 6061-T6,Aluminum,No,6,No,0.13,3980,508.0,508.0,15.875,718.5958639075235,1926052.52,347145.45,4096766.0,0.47014,1,57,1,0.42045,3,11
666258,ALUM 6061-T6,Aluminum,No,7,No,0.13,1675,275.5,270.5,31,387.3389988111189,411269.08857553813,207181.95714208638,2310205.250001312,0.17802274866066753,20,43,3,0.13525,2,14
665058,ALUM 6061-T6,Aluminum,No,7,No,0.13,1880,270.50000009999997,268.00000009999997,31.000000655373377,382.04090114584994,334647.0062062557,143679.85743395062,2247314.049179987,0.14890976467145908,10,50,5,0.62414,2,19
665059,ALUM 6061-T6,Aluminum,No,6,No,0.13,1880,270.5,268.0,31.0000001,382.0409009598318,332751.44429326954,143492.04975760487,2247314.0072494,0.14806628856487244,6,50,5,0.62339,2,19
665068,ALUM 5052-H32,Aluminum,No,3,No,0.25,105,208.7573593129,88.6,1.2000000000000934,226.78411555330598,14376.150258688627,25062.121346075335,22195.082442149258,0.6477178129957203,10,7,0,0.09052,1,3
665069,304 SST,Stainless Steel,No,4,No,0.25,120,240.0,129.2289321881,0.8000000000000058,272.581651830193,9312.081459028705,24001.18146430321,24811.95498011538,0.37530623711398503,20,8,0,0.55578,1,6
0023-45417,304 SST,Stainless Steel,No,5,No,0.38,270,138.9380000001176,49.784000100000156,31.75,150.96448923501677,12403.971924584635,17333.251093904997,219611.23863731473,0.056481498859307665,4,0,4,0.04838,1,3
670754,ALUM 6061-T6,Aluminum,No,7,No,0.13,2950,1045.7432229371802,365.0,52.800000100000005,1108.869572280528,3668518.870565334,1180947.000666852,20153563.430614967,0.18202829902490314,1,202,16,0.49122,4,19
592798,416 PH,Stainless Steel,No,4,No,0.02,355,53.00000000000005,22.000000200000315,21.000000200000294,61.10646461054699,7541.223811901396,3630.7862886805624,24486.000455800717,0.3079810369812717,2,0,0,0.07541,2,6
592799,416 PH,Stainless Steel,No,4,No,0.02,355,57.999999999999964,22.00000019999999,21.000000200000002,65.49045745144856,9113.409189455262,3171.5737248782307,26796.00049879998,0.3401033370582074,2,0,0,0.10418,1,4
668515,ALUM 6061-T6,Aluminum,No,5,No,0.13,395,120.0000002,100.59991230889,85.00000020117167,178.17222690070287,431921.56609101425,79278.26359520254,1026119.1096894188,0.4209273192677859,6,15,0,0.17774,1,11
671814,ALUM 6061-T6,Aluminum,No,4,No,0.13,1625,1420.0000000001382,140.000000000015,12.000000010129426,1426.9351772244736,782722.0543888208,472545.643965777,2385600.002014218,0.3281028058886445,4,18,9,0.50145,3,7
666075,ALUM 6061-T6,Aluminum,No,6,No,0.13,2350,220.0,204.00000010000397,201.0000001,361.1329396233493,970816.737140781,210093.1188844266,9020880.008910175,0.10761885050924945,6,57,3,2.51325,2,21
666070,ALUM 6061-T6,Aluminum,No,5,No,0.13,790,400.00000020000016,400.0000002,22.0000001,566.1130631988632,3050740.9559294237,379675.4117670305,3520000.0195200015,0.8666877667646811,1,48,3,0.70951,2,21
666071,ALUM 6061-T6,Aluminum,No,4,No,0.13,750,469.0,280.0,15.000000000000057,546.4302334241764,1560374.4855162457,273271.353085255,1969800.0000000075,0.7921486879461062,1,62,0,0.31262,3,18
666072,ALUM 6061-T6,Aluminum,No,4,No,0.13,750,457.0,267.0,15.0,529.4931538745332,1307440.9543210245,293900.43470569904,1830285.0,0.7143373596576623,1,35,0,0.56604,3,14
666076,ALUM 6061-T6,Aluminum,No,4,No,0.13,640,221.54000000000005,140.0,140.0,297.11945678464076,1847364.7150408332,178591.76147804616,4342184.000000001,0.42544597719507804,1,17,0,0.2414,2,8
670057,ALUM 6061-T6,Aluminum,No,5,No,0.13,1115,198.5,192.0,108.0,296.53035257794437,330253.29825183854,164332.26580975874,4116096.0,0.08023459565856543,1,4,1,0.52558,1,11
666078,ALUM 6061-T6,Aluminum,No,4,No,0.13,395,280.0000001000001,280.0,17.0000001,396.34454715487135,988604.676381568,164421.47410201043,1332800.0083160005,0.7417502027409761,1,29,1,0.23942,3,19
666073,ALUM 6061-T6,Aluminum,No,4,No,0.13,750,457.0,267.0,15.0,529.4931538745332,1288581.737701207,290931.2078697768,1830285.0,0.7040333815232092,1,36,0,0.58047,2,14
670624,ALUM 6061-T6,Aluminum,No,4,No,0.13,320,400.0,400.0,15.000000000005002,565.8842637854494,2381994.1905168383,348172.66729421297,2400000.0000008005,0.9924975793816849,6,10,2,0.71348,2,8
666203,ALUM 6061-T6,Aluminum,No,8,No,0.13,2850,395.3373548713,284.3140148713,110.00000020000839,499.22548337687635,2013774.5555292564,422629.1557084794,12363994.587607445,0.1628741052303341,3,93,4,2.89878,2,30
668583,ALUM 6061-T6,Aluminum,No,3,No,0.13,95,68.55,30.0,30.0,80.61701123212147,17877.900515951012,9422.71157820148,61695.0,0.28977875866684516,1,1,0,0.04562,2,4
670477,ALUM 6061-T6,Aluminum,No,4,No,0.13,290,110.00000000000428,52.00000000000001,18.400000003784566,123.05510960598188,58606.239408332265,19560.7324465907,105248.00002165182,0.556839459146736,1,13,0,0.08584,1,8
669494,ALUM 6061-T6,Aluminum,No,8,No,0.13,2850,287.14319647752825,137.50000010001045,136.1518198272102,346.25826106115704,676508.4017476053,168286.4962198441,5375571.9572298415,0.12584863659721635,1,21,6,0.46341,2,18
668826,ALUM 6061-T6,Aluminum,No,4,No,0.13,4350,1310.0000001,140.0,129.5,1323.8089931187203,4138649.8221160765,993617.2933901051,23750300.001813002,0.17425673872751707,4,105,1,2.63908,3,13
668519,ALUM 6061-T6,Aluminum,No,4,No,0.13,95,121.78699912694086,99.18127018922,4.572,157.13020300595474,33941.51708592463,17417.4473737585,55225.13892389332,0.6146026564586826,1,9,0,0.10419,1,10
668509,ALUM 6061-T6,Aluminum,No,5,No,0.13,105,47.0000002,47.0000002,9.500000100000001,67.14350333055314,10413.66216613233,5043.547108719793,20985.500399500008,0.49623130103585433,1,4,4,0.0816,2,8
669922,ALUM 6061-T6,Aluminum,No,5,No,0.13,485,100.0,100.0,90.00000010000012,167.63054619609167,438955.56316652393,73221.70866332078,900000.0010000012,0.4877284029764388,1,21,1,0.2494,1,14
665713,ALUM 6061-T6,Aluminum,No,5,No,0.13,320,82.5,60.0,58.000000000000036,117.34670851796399,109722.51589308234,31520.475066884606,287100.0000000002,0.38217525563595356,1,26,0,0.09775,3,12
665799,304 SST,Stainless Steel,No,6,No,0.13,390,132.0,75.0,28.0,154.37940277122465,153600.8517688829,40447.892198011315,277200.0,0.5541156268718719,1,16,5,0.92171,1,14
671251,ALUM 5052-H32,Aluminum,No,3,No,0.25,95,321.0104076401,204.0,4.0000000000001545,380.3678243664456,128157.2113291311,106105.501068756,261944.49263433175,0.489253314854134,3,15,0,0.21006,2,9
671166-LH,ALUM 6061-T6,Aluminum,No,6,No,0.13,1950,275.50000009999997,270.5,31.000000200000002,387.33899889825193,465138.39090203826,206305.53885166364,2310205.2657430996,0.2013407197184368,4,39,5,0.13185,2,14
671171-LH,ALUM 6061-T6,Aluminum,No,6,No,0.13,1950,275.5,270.5,31.000000000017604,387.33899881112035,416023.6446214686,206281.00931725427,2310205.250001312,0.18008081516619892,3,39,3,0.13325,2,14
669915,ALUM 6061-T6,Aluminum,No,5,No,0.13,720,118.0,118.0,67.00000000000293,179.8249148477496,299691.7426767144,59159.54045301912,932908.0000000407,0.3212446915201727,1,39,4,0.20597,1,12
659263,ALUM 6061-T6,Aluminum,No,3,No,0.13,585,310.0,310.0,7.440000001316,438.469330284365,443367.1744602545,198674.0160178757,714984.0001264677,0.6201078267231587,13,2,0,0.30759,2,10
672030,ALUM 6061-T6,Aluminum,No,4,No,0.13,2450,1050.0000000000498,400.00000000003075,10.000000098297386,1123.6547512479513,2843131.8766052327,898169.9627212889,4200000.0412854245,0.6769361544422944,2,48,10,1.13137,3,18
672416,ALUM 6061-T6,Aluminum,No,5,No,0.13,2570,1050.0000000000489,400.0000000000397,10.000000108461277,1123.654751248044,2924535.870646831,744139.9591122443,4200000.045554349,0.6963180568872656,2,92,4,1.20957,3,20
672655,ALUM 6061-T6,Aluminum,No,2,No,0.13,900,1055.0,35.0,8.0,1055.6107237045292,292080.01156518864,93537.59011738085,295400.0,0.9887610411820875,2,9,6,0.4697,4,9
673078,ALUM 6061-T6,Aluminum,No,3,No,0.13,550,165.00000000000236,30.000000000002355,15.000000001960185,168.37458240500473,70619.18269351788,17510.566165303793,74250.00000970981,0.9511001034920253,4,8,0,0.07554,1,8
671747,CRS,Carbon Steel,No,3,No,0.25,180,82.00000000000003,70.00000000000003,47.0,117.61377470347598,25114.874830438024,18182.6259519383,269780.00000000023,0.09309390922395286,2,2,2,0.0311,1,2
664257,ALUM 6061-T6,Aluminum,No,3,No,0.13,1350,560.0,400.0,10.000000000000158,688.2586723027905,2231567.5065849554,468058.92436943203,2240000.0000000354,0.9962354940111251,3,12,0,1.16398,2,14
673673,ALUM 5052-H32,Aluminum,No,2,No,0.25,385,241.48709739950013,156.2581827772,1.2000000000001076,287.6353210147678,27389.04442747544,46535.17117667376,45281.202004547966,0.6048656664353683,5,5,0,0.12196,1,3
673489,CRS,Carbon Steel,No,4,No,0.25,815,400.0000002000001,230.00000020000002,20.0000001,461.84412982736944,271403.0388767482,275909.3026275102,1840000.0117200008,0.14750165062392864,5,8,0,0.07541,1,5
673910,ALUM 5052-H32,Aluminum,No,2,No,0.25,385,231.0,131.45,1.200000000000079,265.78476724598045,23819.971243581916,40536.25287925206,36437.940000002396,0.6537134438330034,5,5,0,0.10991,1,3
397915,ALUM 5052-H32,Aluminum,No,3,No,0.13,550,195.0,188.0,11.9888,271.1323133184977,59749.48433141495,76183.93607251959,439509.408,0.1359458597332573,5,14,0,0.06285,2,6
672017,ALUM 5052-H32,Aluminum,No,5,No,0.25,230,128.0,97.0,63.7,172.77352227699706,45664.44790272704,64292.92223453759,790899.2000000001,0.05773738031689378,12,8,2,0.05124,1,6
672652,ALUM 5052-H32,Aluminum,No,5,No,0.25,240,112.0,48.70001799234599,40.0,128.51339133512437,19402.260672019205,27203.384937978786,218176.08060571004,0.08892936667554846,6,0,1,0.05449,2,3
673844,CRS,Carbon Steel,No,4,No,0.25,265,183.0,98.0,50.0,213.5251741598634,147398.2469303021,53589.179626496305,896700.0,0.1643785512772411,5,2,2,0.08092,2,2
673848,CRS,Carbon Steel,No,3,No,0.25,315,183.0,175.0,150.0,294.3025653982649,302404.4245616865,109275.88774048601,4803750.0,0.06295174073623451,5,2,2,0.09165,2,2
673849,CRS,Carbon Steel,No,3,No,0.25,370,298.4,183.0,150.0,380.83009334872685,437897.6245616868,155921.0877404861,8191080.0,0.05346030371595526,5,2,2,0.10873,2,2
673854,ACETAL,Plastic,No,4,No,0.13,750,160.0000002,135.0000001,58.0000002,217.23029280972762,346749.3193210455,61471.03304078535,1252800.006814,0.27677946793987085,2,4,0,0.11198,1,5
673855,ACETAL,Plastic,No,2,No,0.13,210,275.0,40.0,4.0,277.9226511099806,42610.39831411915,24342.953996772834,44000.0,0.9684181435027079,4,4,0,0.06827,2,7
674271,STEEL,Carbon Steel,No,4,No,0.13,510,447.0,80.0,22.0,454.6350184488652,177599.11023081606,121692.15786430439,786720.0,0.2257462759696157,4,16,0,0.07597,1,4
673856,STEEL,Carbon Steel,No,7,No,0.13,1650,600.000000200004,322.0,143.00000000000523,695.7966658730167,813530.531279852,556513.9216788119,27627600.009210397,0.029446297579545092,4,28,4,0.25123,3,9
676440,ALUM 6061-T6,Aluminum,No,3,No,0.13,425,100.0,52.000000000000014,20.0,114.47270417003348,89572.61295569254,22559.850070775534,104000.00000000003,0.8612751245739665,8,7,0,0.08653,1,8
674235,ALUM 6061-T6,Aluminum,No,3,No,0.13,420,87.0,44.7,15.0,98.95498976807588,54657.65101559848,14013.841650119599,58333.5,0.9369856260227567,3,7,0,0.06916,1,10
674323,ALUM 6061-T6,Aluminum,No,3,No,0.13,420,87.0,44.7,15.0,98.95498976807588,53045.52957877861,14522.875277093694,58333.5,0.9093493374952405,3,5,4,0.06363,1,9
675069,ALUM 6061-T6,Aluminum,No,3,No,0.13,115,68.55,30.0,30.0,80.61701123212147,17843.139830183187,9428.021501311905,61695.0,0.2892153307428995,6,1,0,0.04346,2,3
673721,ALUM 5052-H32,Aluminum,No,3,No,0.25,455,196.5,86.0,1.200000000000079,214.49869463472265,12310.493361878911,21602.11948167284,20278.800000001334,0.6070622207368336,2,7,0,0.08918,1,5
673722,ALUM 5052-H32,Aluminum,No,3,No,0.25,390,79.5,64.5,1.2000000000000863,102.38134595716156,5362.5564046124755,9339.391636981007,6153.300000000443,0.8714927607319795,2,4,0,0.04546,1,2
673724,304 SST,Stainless Steel,No,4,No,0.25,460,240.4,120.7006751809,0.8000000000000623,269.0008419859037,9134.296461087632,23553.068774290685,23213.1538507925,0.39349657180580766,12,7,0,0.54861,1,6
673860,304 SST,Stainless Steel,No,7,No,0.13,1650,80.0,68.0,29.00000010000207,108.92658080468752,49921.65877594845,17560.433752005323,157760.00054401124,0.3164405337462046,2,12,1,0.17983,3,14
673731,ALUM 5052-H32,Aluminum,No,2,No,0.25,725,854.2100000000003,91.0,12.5,859.134433077851,141949.92520499826,192845.10885795232,971663.8750000003,0.14608953657456722,3,10,5,0.06181,1,5
673333,ALUM 6061-T6,Aluminum,No,3,No,0.13,725,365.0,191.00000000000023,4.000000000000107,411.97330010572296,260850.95990364923,140355.8128573999,278860.0000000078,0.9354190629837263,4,9,0,0.22891,2,11
673412,ALUM 6061-T6,Aluminum,No,3,No,0.13,625,365.0,29.530000000000115,4.000000000000107,366.21444660198756,29440.931121563426,20484.42827041582,43113.80000000132,0.6828656050165498,4,8,0,0.13324,2,8
627300,STEEL,Carbon Steel,No,2,No,0.13,85,76.0,38.0,38.0,93.08061022576076,16108.749426396826,11506.410269659496,109744.0,0.14678478483012125,3,2,3,0.0481,2,2
675021,ALUM 5052-H32,Aluminum,No,3,No,0.25,465,206.29999999999998,77.75,1.2000000000000934,220.4681212783381,15061.497256085817,26302.122451106752,19247.790000001496,0.7825052775453517,5,9,0,0.08904,1,3
675016,304 SST,Stainless Steel,No,3,No,0.25,425,68.26730786732,34.5,0.8,76.49389075901063,1441.4637987727826,3807.9894166449362,1884.1776971380323,0.7650360159566112,5,5,0,0.12406,1,4
674949,ALUM 6061-T6,Aluminum,No,5,No,0.13,1275,261.0,230.0000001,31.000000000020002,349.25921612178144,457278.1987631501,139081.57606635062,1860930.0008103005,0.24572563103611553,5,38,3,0.571,2,19
675859,DELRIN,Plastic,No,3,No,0.13,425,116.81216691557,84.946156231508,3.0,144.46429246709636,18469.95425893785,13650.746554965797,29768.233741653,0.6204585202881517,5,5,0,0.07293,2,7
676212,ALUM 6061-T6,Aluminum,No,4,No,0.13,875,273.49,230.02151427950002,20.0,357.91993117376717,303041.80634305306,64087.00792921944,1258171.6788060092,0.2408588680287545,5,15,1,0.29668,2,15
674629,ALUM 5052-H32,Aluminum,No,3,No,0.25,1825,1598.0,809.0,2.0,1791.113899225842,2252416.11508058,2266069.0707933074,2585564.0,0.8711507876349532,1,10,0,4.44753,4,6
676829,ALUM 6061-T6,Aluminum,No,6,No,0.13,655,184.15000020000008,41.2750002,17.780000100000002,189.5546797594985,63680.58805456093,24242.921713621865,135142.0699866905,0.4712121699840215,3,9,1,0.16486,1,10
676839,ALUM 6061-T6,Aluminum,No,3,No,0.13,275,37.0000001,27.2,17.0000001,48.96774459580511,5416.4083114581235,3320.0172188271486,17108.80014688,0.3165860998408981,3,4,0,0.06278,3,5
676840,ALUM 5052-H32,Aluminum,No,2,No,0.25,85,33.0,11.367928,2.3,34.97884770848211,744.8496609562033,933.2099252683911,862.8257351999999,0.8632677846396756,3,0,2,0.02712,1,4
675836,ALUM 6061-T6,Aluminum,No,5,No,0.13,795,420.0,343.5,18.000000000000206,542.8777486690719,854315.8841198827,223070.06800805067,2596860.00000003,0.32898033937904736,3,59,13,0.67792,2,16
676757,ALUM 6061-T6,Aluminum,No,4,No,0.13,685,780.0,640.0,6.35,1008.979842464655,2980378.9216687647,965776.2958769352,3169920.0,0.9402063527372189,2,33,0,2.16483,2,11
676769,ALUM 6061-T6,Aluminum,No,4,No,0.13,485,485.0,485.0,6.35,685.9229712584352,1263816.5049722826,411262.69000720565,1493678.75,0.8461099851439157,4,8,0,0.82905,2,4
676770,ALUM 5052-H32,Aluminum,No,3,No,0.25,595,985.0,430.0,3.0,1074.7716036442348,1260591.4782696785,850728.5798851661,1270650.0,0.9920839556681057,4,0,4,1.6772,2,4
674060,ALUM 5052-H32,Aluminum,No,3,No,0.25,875,306.0,144.0,1.500000000000106,338.1926226279929,62669.7980662433,85155.90284299802,66096.00000000467,0.9481632483998861,5,8,0,0.22491,2,7
659728,ALUM 6061-T6,Aluminum,No,3,No,0.13,85,345.3000000000003,215.3,5.000000000000167,406.95353543125805,314441.8292129439,134999.64071999132,371715.45000001276,0.8459207956326086,9,17,0,0.34277,2,8
1000006664,ALUM 6061,Aluminum,No,4,No,0.13,695,140.00000020000002,90.00000000000001,18.00000000000001,167.403703829993,65890.78519041666,20339.244331068883,226800.0003240002,0.2905237438107888,1,0,0,0.16445,2,6
1000006665,ALUM 6061,Aluminum,No,4,No,0.13,695,140.00000010000002,90.00000000000001,18.00000000000001,167.40370374636282,65820.09935562917,20348.66910902965,226800.00016200021,0.2902120780803119,1,0,0,0.16449,2,6
1000006666,ALUM 6061,Aluminum,No,4,No,0.13,695,140.00000010000002,90.00000000000001,18.00000000000001,167.40370374636282,65749.41352084145,20358.09388699042,226800.00016200021,0.2899004121423171,1,0,0,0.16453,2,6
674201,ALUM 6061-T6,Aluminum,No,6,No,0.13,1450,268.75000009999997,266.25000009999997,31.000000200000002,379.5742682524725,369098.4893247148,144504.35550620584,2218195.328469437,0.16639584647371614,4,47,7,0.66215,3,22
675138,TITANIUM,Titanium,No,4,No,0.13,990,61.6,46.0,19.0,79.1931815246742,39382.4195123543,11513.63425831189,53838.4,0.7314931259538601,5,5,1,0.41705,2,8
674926,304 SST,Stainless Steel,No,2,No,0.25,280,202.5,150.99999538137,0.5,252.60146200125953,1711.4828330444525,7305.634865114717,15288.749532363714,0.11194393821558335,5,0,0,0.24592,1,5
674826,304 SST,Stainless Steel,No,2,No,0.25,280,202.5,140.24999538137,0.5,246.32612773409627,1671.1703330444498,7133.634865114691,14200.312032363714,0.1176854655894681,5,0,0,0.24062,1,5
674819,ALUM 5052-H32,Aluminum,No,3,No,0.25,465,196.5,86.0,1.200000000000079,214.49869463472265,11883.382794051084,20909.39431578695,20278.800000001334,0.5860002955821006,5,7,0,0.08189,1,3
674937,ALUM 5052-H32,Aluminum,No,3,No,0.25,290,109.5,64.5,1.2000000000000015,127.090282870092,6897.619634876677,11961.49572992614,8475.30000000001,0.8138496141583977,5,4,0,0.0521,1,2
676848,ALUM 6061-T6,Aluminum,No,4,No,0.13,825,369.4399305868,351.6122499676,10.0,510.1147288985661,485597.837296554,113016.87410271843,1298996.0522149873,0.37382549120802583,2,6,0,0.25159,1,5
676849,STEEL,Carbon Steel,No,3,No,0.13,620,535.0000000000002,20.00000000000091,20.0,535.7471418495859,165737.71001915212,36752.64081678598,214000.00000000984,0.7744752804632921,4,2,0,0.44696,2,4
676850,STEEL,Carbon Steel,No,3,No,0.13,670,455.0000000000002,20.00000000000086,20.0,455.87827322652726,140023.77414950862,31726.09257104207,182000.00000000792,0.7693613964258381,2,2,0,0.36762,2,4
674413,ALUM 5052-T6,Aluminum,No,7,No,0.13,1450,268.75,245.0,31.0000001,364.9829619395952,380178.11843516305,145449.02772425162,2041156.2565843752,0.18625625412497548,1,43,5,0.64542,3,22
672310,ALUM 5052-T6,Aluminum,No,3,No,0.13,685,430.0,375.0,5.0,570.569890548038,693715.4183779913,289775.59395510936,806250.0,0.8604222243447954,4,21,0,0.65932,2,12
673308,304 SST,Stainless Steel,No,3,No,0.25,45,31.900000000000002,26.0,4.796,41.432011971421325,182.71139297493767,987.1402930284297,3977.8024000000005,0.04593274743233541,5,0,2,0.03298,1,3
677292,304 SST,Stainless Steel,No,2,No,0.25,650,100.0,100.0,1.2000000000000002,141.4264473144963,11941.659870440591,20438.60983495161,12000.000000000002,0.9951383225367159,13,2,0,0.46596,1,4
661331,ALUM 6061-T6,Aluminum,No,5,No,0.13,1950,435.03000019999996,435.03000019999996,30.000000100000072,615.9563313693787,943784.4040391351,183529.3954799145,5677533.051145483,0.1662314240246862,3,13,0,0.69988,2,12
659414,ALUM 6061-T6,Aluminum,No,5,No,0.13,1480,396.0000000000132,386.50000009999997,12.000000175658194,553.4819329314429,757528.2539560373,336801.13953783084,1836648.02736045,0.41245151094340254,3,17,2,0.3635,2,13
659416,ALUM 6061-T6,Aluminum,No,5,No,0.13,1400,396.0,386.5000000000183,17.0,553.6129062802042,606627.2250795041,381848.48953091167,2601918.0000001234,0.23314617335345514,3,36,2,1.05601,2,17
660341,ALUM 5052-H32,Aluminum,No,3,No,0.25,650,359.996017178,286.0,70.60458146424,465.1646367768764,125182.16899456491,251886.33094343432,7269367.282790768,0.017220504085811782,3,8,0,0.05761,2,2
674837,304 SST,Stainless Steel,No,2,No,0.25,425,287.5,7.5,0.5,287.5982440836522,1072.0893233455533,4580.138265833174,1078.125,0.994401691219064,25,0,0,0.16436,1,2
680410,ALUM 6061-T6,Aluminum,No,3,No,0.13,412.5,47.0,22.8,2.0,52.276572190609436,1524.411714535751,2255.062675899109,2143.2000000000003,0.7112783289173902,2,2,1,0.03437,1,6
677008,316 SST,Stainless Steel,No,4,No,0.13,475,111.37900010000004,28.5750251569918,28.575000199999998,118.48351937053745,20001.30730834535,6724.647366854842,90944.44526608355,0.2199288505177628,8,0,0,0.05232,1,4
1000007075,ALUM 6061-T6,Aluminum,No,3,No,0.13,250,38.100000200000004,38.100000200000004,4.267200200000001,54.05024540209675,2795.962125832074,2633.213850530674,6194.3105473541345,0.45137583988687063,1,6,0,0.05428,2,7
682853,ALUM 6061-T6,Aluminum,No,3,No,0.13,145,31.0,30.00000000000031,10.0,44.28317965096927,4043.4145696195033,2213.2111951416728,9300.000000000095,0.4347757601741357,3,4,0,0.05452,1,7
1000006769,ALUM 6061-T6,Aluminum,No,3,No,0.13,1855,50.00000000000001,35.0000001,8.200000099999999,61.58116602208829,13179.375353984633,4891.4491753803,14350.000216,0.9184233557913023,1,4,0,0.06652,2,7
598442,O1,Carbon Steel,No,3,No,0.02,410,70.0,63.5,9.525,94.98934479719291,40620.961257555406,12360.700821965533,42338.625,0.9594303371343639,5,8,2,0.16818,2,15
597999,HRS,Carbon Steel,No,3,No,0.02,680,78.0,50.43176589999235,30.227073611099534,97.67824215700475,6758.976978323111,5452.699406571509,118903.56661535102,0.056844190386552244,1,2,2,0.05606,2,4
677818,CRS,Carbon Steel,No,4,No,0.25,1950,1566.8,747.5000000000001,17.000000000002046,1736.0609119498083,2173348.221894581,2187207.0389751988,19910111.0000024,0.10915801634126093,3,10,0,0.30607,5,3
598330,420 PH,Stainless Steel,No,3,No,0.02,210,19.0,19.0,2.0500000000000007,26.948144648565325,111.40087549629385,318.4465192502532,740.0500000000003,0.1505315525927894,2,1,0,0.06509,2,4
682749,ALUM 6061-T6,Aluminum,No,2,No,0.13,225,92.0,15.0,6.000000000000002,93.40770846134703,7289.811028036138,4378.782662050991,8280.000000000002,0.8804119599077459,4,4,0,0.0465,1,6
1037127,ALUM 6061,Aluminum,No,6,No,0.13,2480,420.0,360.00000000000006,6.0000000000000036,553.2052060492563,439802.16715155507,220815.63807643508,907200.0000000007,0.4847907486238478,2,4,0,1.07451,1,7
1037120,ALUM 6061,Aluminum,No,6,No,0.13,1980,420.0,360.00000000000006,6.000000000000008,553.2052060492563,416473.04652067233,195017.65731361188,907200.0000000014,0.45907522764624303,2,4,0,0.80365,1,7
1037994,304 SST,Stainless Steel,No,5,No,0.13,1580,305.0000002,63.5000002,63.5000001,317.94575034131213,748747.1262499464,96682.77174681093,1229836.2566167,0.6088185498041522,1,18,0,1.86549,2,15
1038007,316 SST,Stainless Steel,No,3,No,0.13,880,65.0000001,38.0000002,38.0000001,84.33860347314271,41157.64500366948,12166.446431715098,93860.0008854,0.4385003687984365,1,2,0,0.1001,2,9
1038058,ALUM 6061-T6,Aluminum,No,8,No,0.13,3680,200.00000019999996,180.0000002,80.00000020000002,280.71337728010036,753026.3139023676,135928.59329746035,2880000.0132799996,0.26146746889933326,1,26,0,0.26272,2,15
1037635,ALUM 6061-T6,Aluminum,No,3,No,0.13,580,83.0,80.0,54.000000000000014,127.29886095327012,47975.649218379294,19091.39199945083,358560.0000000001,0.13380089585670257,1,5,0,0.04689,2,4
1037776,ALUM 6061-T6,Aluminum,No,4,No,0.13,210,135.0,56.00000000000004,15.000000000000002,146.92174787961108,111949.5743320737,21795.406046481425,113400.0000000001,0.9872096501946525,1,8,0,0.15309,1,8
1034296,316 SST,Stainless Steel,No,4,No,0.13,880,63.50000000000014,63.50000000000014,29.95000000000001,94.66521272357674,31285.410924772874,9861.575235445962,120765.88750000058,0.2590583448059596,1,4,0,0.41689,1,9
1038061,316 SST,Stainless Steel,No,4,No,0.13,880,63.50000000000006,63.50000000000006,29.950000000000003,94.66521272357663,31299.134939555075,9847.97867786425,120765.88750000023,0.25917198629087224,1,4,0,0.4162,1,9
1037794,ALUM MIC-6,Aluminum,No,5,No,0.13,559,217.0,98.00000010000005,8.370000100000004,238.24998829228514,64832.20999732827,32400.788208738755,177996.4223082292,0.36423321972764683,3,14,0,0.18877,3,8
1038405,316 SST,Stainless Steel,No,3,No,0.13,1880,65.0000002,61.0000002008612,5.949295453583845,89.33864878594873,18848.831721712708,7630.70072861857,23588.956623715225,0.7990532189441131,1,2,0,0.23878,2,6
1038404,316 SST,Stainless Steel,No,5,No,0.13,1880,65.0000002,61.00000020341545,10.500000100000001,89.75661564985995,16646.91048067291,7603.3725357322655,41632.500663431056,0.3998537252242246,1,0,0,0.19202,1,4
1037258,ALUM 7075-T6,Aluminum,No,4,No,2.54,1323,220.00000019999993,210.00000020000004,9.525000100000007,304.2872422545924,300297.98977131594,74538.53951646821,440055.00543915026,0.6824101215974929,1,17,1,0.2075,2,13
1038083,ALUM MIC-6,Aluminum,No,5,No,2.54,1917,260.0000002,210.0000002,12.700000100000004,334.45670899316696,515515.1442601482,101524.5233700585,693420.0066538001,0.7434385211177308,1,10,3,0.14385,3,12
1037806,ALUM 6061-T6,Aluminum,No,4,No,2.54,1480,217.0,98.00000000000003,20.0,238.94141541390434,320184.5351484864,62549.50912047477,425320.0000000001,0.7528085562599602,1,0,0,0.05097,1,2
1037807,ALUM 6061-T6,Aluminum,No,4,No,2.54,1620,217.0,98.00000000000003,20.0,238.94141541390434,302489.01360244513,70170.48602839476,425320.0000000001,0.7112033612396432,1,0,0,0.05243,1,2
1038389,ALUM 6061-T6,Aluminum,No,4,No,2.54,520,170.00000000000003,150.00000000000003,12.0,227.0330372434814,294998.7591374427,61189.2040974391,306000.0000000001,0.9640482324753026,2,16,0,0.10682,2,10
1037797,ALUM 6061-T6,Aluminum,No,3,No,2.54,780,235.0,140.00000000000006,19.5,274.2357562390434,561745.4084728365,79981.42167110369,641550.0000000002,0.8756065910261652,2,4,0,0.13702,2,7
686717,ALUM 5052-H32,Aluminum,No,2,No,0.25,295,288.6,281.6,0.8,403.22346161898867,49102.848,123669.43999999992,65015.80800000001,0.7552447552447551,5,0,0,0.26743,1,2
677823,ALUM 6061-T6,Aluminum,No,4,No,0.13,895,124.0000001,111.0000002,60.0000002,176.90958168849983,389464.5649462308,55477.34473902606,825840.0049068001,0.4715980851402127,1,5,0,0.12006,2,8
666334,ALUM 5052-H32,Aluminum,No,2,No,0.25,85,254.5,159.5,1.2000000000000863,300.3530256215176,39967.11944597284,68035.81678478525,48711.3000000035,0.8204896901944717,30,8,0,0.17023,1,4
666259,ALUM 6061-T6,Aluminum,No,6,No,0.13,1675,275.50000009999997,270.5,31.000000200000002,387.33899889825193,461383.9873484079,207466.08077872705,2310205.2657430996,0.19971558120399285,10,43,5,0.13422,2,14
101IMR0004598,301 SST,Stainless Steel,No,6,No,0.13,65,41.46363225184834,17.919416593529995,4.177689420634364,45.36288548432822,124.59277999058963,1024.3796643974101,3104.0403672299244,0.04013890454065758,8,3,1,0.05003,2,5
667814,ALUM 5052-H32,Aluminum,No,5,No,0.25,520,430.0,250.0,3.5065999999999997,497.40556515137627,128620.09095126313,183104.49928309125,376959.49999999994,0.34120400454495287,6,307,10,0.41545,2,10
668996,ALUM 5052-H32,Aluminum,No,2,No,0.25,185,65.0,65.0,2.3,91.95265085901548,9521.82189974047,8988.16369710028,9717.5,0.9798633290188289,6,4,0,0.04907,1,5
669925,ALUM 6061-T6,Aluminum,No,5,No,0.13,645,205.00000000000003,205.0,41.87,292.92165659097316,672962.1141796932,152544.55959829252,1759586.7500000002,0.38245463838579885,6,70,2,0.90985,2,22
669926,ALUM 6061-T6,Aluminum,No,5,No,0.13,1115,205.00000000000003,189.57054965522,110.70000000000012,300.36058878718137,383268.77920961106,161729.08019665178,4302019.26860074,0.08909043760147355,6,9,0,0.09121,2,8
672295,ALUM 6061-T6,Aluminum,No,5,No,0.13,600,310.0,279.04550783663035,10.0,417.21265014834216,410937.8050073884,116209.14301557108,865041.0742935541,0.4750500493204737,10,28,0,0.4988,2,15
666074,ALUM 5052-H32,Aluminum,No,3,No,0.25,425,469.0,275.0,3.0,543.6864905439531,367661.73856157553,250998.79025378643,386925.0,0.9502144822939214,7,12,0,0.52296,1,6
668801,ALUM 5052-H32,Aluminum,No,2,No,0.25,365,139.0,119.0,0.8,182.98262212570899,13133.678590042056,33329.33274966914,13232.800000000001,0.9925094152440946,7,8,0,0.11691,2,6
668802,ALUM 5052-H32,Aluminum,No,3,No,0.25,365,124.5,95.0,0.8,156.60743915919193,7781.94380490692,19847.73384012074,9462.0,0.822441746449685,7,5,0,0.07273,1,6
671515,NYLON 6/6,Plastic,No,4,No,0.13,375,42.0,39.0,25.0,62.52999280345393,24681.922922967675,7079.22185234579,40950.0,0.6027331605120312,7,8,0,0.05632,2,5
671516,ALUM 5052-H32,Aluminum,No,3,No,0.25,65,31.4,25.0,5.0,40.44700236111448,1394.1210407082049,2002.638550010345,3925.0,0.3551900740657847,7,4,0,0.02892,1,4
668803,CRS,Carbon Steel,No,4,No,0.25,250,125.0,76.0,15.0,147.0578117612254,12534.750353412226,18233.188096269638,142500.0,0.08796316037482264,7,15,1,0.09807,3,7
671585,ALUM 5052-H32,Aluminum,No,4,No,0.25,650,125.0,97.0,66.7000001,171.70582405189404,44176.74659371563,62650.83632944662,808737.5012124999,0.05462433302212848,7,9,4,0.06074,1,6
673282,CRS,Carbon Steel,No,3,No,0.25,350,265.0,47.0,45.0,272.87176475406903,31943.479394612892,33747.64886997256,560475.0,0.0569935847176286,7,2,1,0.0846,3,5
671732,ALUM 5052-H32,Aluminum,No,4,No,0.25,195,414.00000020000004,90.0000002,20.0000001,424.1414860699199,42215.005975483844,45647.09941441606,745200.0057420002,0.056649229267584485,4,10,0,0.0664,2,5
672760,ALUM 5052-H32,Aluminum,No,5,No,0.25,420,220.0,197.0000001,22.20000183554205,296.14496470630405,66706.77953069328,93662.64044830661,962148.0800407925,0.0693310945731608,6,176,0,0.13792,2,7
672762,ALUM 5052-H32,Aluminum,No,5,No,0.25,440,335.0,220.00000000000003,1.5,400.78329556008197,98418.48696470413,142393.72381074043,110550.00000000003,0.8902622068268123,6,490,0,0.29714,1,7
672763,ALUM 5052-H32,Aluminum,No,5,No,0.25,680,269.5,217.00000000000003,153.9,378.6878133766652,140916.52089766806,191930.35008408662,9000302.850000001,0.01565686435736638,6,24,0,0.13433,3,15
672764,ALUM 5052-H32,Aluminum,No,5,No,0.25,420,220.0,197.0000001,22.20000183554205,296.14496470630405,66706.77953453267,93662.64044841571,962148.0800407925,0.06933109457715125,6,176,0,0.13791,2,7
672765,ALUM 5052-H32,Aluminum,No,5,No,0.25,1150,370.0,228.5076001,198.50003545546,478.03555032997326,341113.34261166427,462662.36544985283,16782743.687026065,0.02032524293839765,6,53,2,0.16492,3,17
674314,CRS,Carbon Steel,No,4,No,0.25,225,102.6,37.888799999999996,17.4000001,110.74782692640068,3050.180034882183,5484.900697213446,67640.60170073908,0.045093922262504874,8,1,2,0.06861,2,4
673592,ALUM 6061-T6,Aluminum,No,5,No,0.13,985,254.0,115.70000000000002,7.500000200000001,279.21092386043927,117176.4937839421,47312.69438441719,220408.50587756003,0.5316332657734872,6,21,5,0.19121,3,15
4003-3994-01,STEEL,Carbon Steel,No,4,No,0.13,250,110.00000000000003,70.00000000000001,45.0,137.93114224133726,62674.11431613548,20354.863666219877,346500.0000000002,0.18087767479404168,8,5,0,0.06293,2,3
675018,304 SST,Stainless Steel,No,4,No,0.13,395,490.33000000000004,25.00000000000001,4.2500000000015,490.9853067047934,51379.68491622996,29087.69813495988,52097.562500018415,0.9862205149465831,10,6,0,0.80443,2,10
675052,PEEK,Plastic,No,3,No,0.25,195,139.5,126.649,1.0000000000000002,188.4176722099071,10004.341403653863,20513.405019234782,17667.535500000005,0.5662556276541151,7,4,0,0.04458,1,3
675065,PEEK,Plastic,No,3,No,0.25,330,196.5,86.0,1.200000000000079,214.49869463472265,11883.382794051084,20909.39431578695,20278.800000001334,0.5860002955821006,7,7,0,0.05429,1,3
675059,PEEK,Plastic,No,4,No,0.25,350,240.4,120.7006751809,1.000000000000071,269.0015111279584,10758.50507597689,22403.133445312378,29016.442313490425,0.37077271430257347,7,7,0,0.07695,1,6
670826,ALUM 5052-H32,Aluminum,No,6,No,0.25,410,417.7,154.70000000000002,81.77675208697568,452.87174473783926,176809.76672108364,162883.5475235681,5284265.703939091,0.03345966622936522,10,46,8,0.12497,1,15
670838,ALUM 5052-H32,Aluminum,No,5,No,0.25,500,543.1800000000001,156.4088,96.29660009999999,573.3945066952241,383705.0586639814,348950.0189877105,8181179.260906269,0.046900947458456806,10,61,4,0.18389,3,20
671733,ALUM 6061-T6,Aluminum,No,3,No,0.13,95,24.000000000002,10.00000000000407,10.0,27.856776554371425,1346.230389399535,1364.180478673587,2400.000000001177,0.5609293289161978,12,1,0,0.04528,2,5
672575,ULTEM 1000,Plastic,No,3,No,0.13,155,40.0,30.0,20.0,53.85164807134504,17725.054968498895,6077.822890494266,24000.0,0.7385439570207872,3,6,0,0.04868,1,10
677901,ALUM 6061-T6,Aluminum,No,4,No,0.13,695,111.0000002,60.00000010000001,23.0000001,128.25755362160936,46777.80055350247,14802.47376609172,153180.00119730004,0.30537798790882226,10,5,0,0.09163,2,8
677227,ALUM 6061-T6,Aluminum,No,4,No,0.13,425,93.0,76.5,43.0,127.8680960990661,79481.0111618303,18649.539895785747,305923.5,0.2598068182464907,8,9,0,0.07729,2,7
666117,CRS,Carbon Steel,No,4,No,0.25,285,355.0000002,57.0000002,45.00006722105873,362.35204734442965,39845.22849309777,81179.81560860139,910576.363926129,0.04375825034739232,10,10,0,0.11405,2,5
666347,ALUM 6061-T6,Aluminum,No,3,No,0.13,230,115.0,10.5,5.0,115.58654766018405,3706.7499460289728,3447.1565308144623,6037.5,0.6139544424064551,20,5,0,0.07217,1,7
666352,ALUM 6061-T6,Aluminum,No,3,No,0.13,235,139.0000001,12.0,3.0000001000000003,139.5492745534709,4278.753944746505,4912.804903277996,5004.000170400001,0.8550667064434728,40,4,0,0.07486,1,7
668956,CRS,Carbon Steel,No,4,No,0.25,840,1330.0,97.60000000000002,47.0,1334.404271575897,197782.4502141434,496963.4824995609,6100976.000000001,0.03241816558762784,3,4,0,0.2164,3,3
667811,ALUM 5052-H32,Aluminum,No,5,No,0.25,980,472.0,262.68600502139043,198.50000511295548,575.4912590682341,688105.6271203589,611328.3979583655,24611577.816408183,0.027958614935350012,6,53,11,0.16659,3,12
667813,ALUM 5052-H32,Aluminum,No,4,No,0.25,240,247.7,198.5000001,22.200002254964524,318.1986488654853,72083.27237258147,98269.45183315428,1091539.7014230045,0.06603815901392214,6,8,0,0.0952,2,6
668995,ALUM 5052-H32,Aluminum,No,3,No,0.25,185,84.5,32.0,12.0,91.14960230302708,4394.729512239762,6284.106156809751,32448.0,0.1354391491691248,6,2,0,0.04304,2,3
669923,ALUM 6061-T6,Aluminum,No,4,No,0.13,645,140.0,140.0,74.00000000000217,211.3669794457032,418526.94132116745,77884.07445293425,1450400.0000000426,0.2885596672098422,6,13,2,0.28066,1,14
673468,CRS,Carbon Steel,No,4,No,0.25,1050,437.5,379.0,30.70000510658432,579.6462199596788,284995.45747898926,288823.8002391804,5090444.596735513,0.05598635876751434,2,7,5,0.19598,2,5
673476,316 SST,Stainless Steel,No,6,No,0.13,850,234.47743235061,103.29375010000004,78.84875009999999,268.0790750576934,39004.056367737314,40471.499675002226,1909720.930163954,0.020423956061678985,2,11,0,0.59042,3,13
669242,ALUM 6061-T6,Aluminum,No,4,No,0.13,485,152.0,25.3,16.0,154.91962432177533,14743.494300034821,10222.02247134959,61529.6,0.23961628712091126,40,8,1,0.07811,3,5
365384,CRS,Carbon Steel,No,3,No,0.25,185,44.000000000000014,38.0,31.700000000000014,66.21850194620838,6914.603026255158,5646.054790812687,53002.40000000004,0.13045830049686719,13,1,2,0.04575,2,2
665898,CRS,Carbon Steel,No,4,No,0.25,245,262.0,80.0,13.487399999999997,274.2734218963989,29830.132949268664,39921.596987967314,282695.9039999999,0.10552021634267708,3,15,1,0.14485,2,10
630773,CRS,Carbon Steel,No,4,No,0.25,385,570.0,546.5,44.064,790.8880363844177,1291614.866425421,632620.9488970884,13726156.32,0.09409880204725958,3,27,3,0.26883,3,12
675012,ALUM 6061-T6,Aluminum,No,4,No,0.13,390,65.6,46.0,19.0,82.34294140969219,42021.07018229111,12141.3313479717,57334.4,0.7329120071421539,12,5,1,0.05992,2,5
663049,ALUM 6061-T6,Aluminum,No,4,No,0.13,395,485.0,444.0,6.35,657.5722945045662,1301298.2375432528,429337.6912927196,1367409.0,0.9516525323025172,16,38,0,0.88247,1,8
664365,ALUM 6061-T6,Aluminum,No,5,No,0.13,2100,301.09500000000025,180.0,120.00000010000001,370.75355567951084,1527669.0863368765,248179.05132854488,6503652.005419716,0.2348940387744943,5,21,2,0.37578,2,13
672309,ALUM 6061-T6,Aluminum,No,3,No,0.13,100,100.00000019999999,21.000000200000002,9.0192379864685,102.5784904463726,13215.960753984768,6278.269573754189,18940.39998984941,0.6977656628723522,48,6,0,0.05211,1,6
675033,PEEK,Plastic,No,3,No,0.13,380,139.0000001,12.0,3.0000001000000003,139.5492745534709,4278.753944746511,4912.804903277997,5004.000170400001,0.8550667064434739,14,4,0,0.06085,1,7
673963,ALUM 5052-H32,Aluminum,No,5,No,0.25,1750,328.0,160.6,118.5,383.95131201755254,198628.8694925721,270298.99949489447,6242200.8,0.031820326813673167,5,16,8,0.09486,2,5
674695,ALUM 5052-H32,Aluminum,No,5,No,0.25,1750,303.0,200.6,58.0,367.9855431942945,114530.88698045384,157491.6542928216,3525344.4,0.03248785763469063,5,16,7,0.09638,2,5
676846,ALUM 6061-T6,Aluminum,No,4,No,0.13,1050,145.0,115.00000000000003,85.0,203.65411854416303,234161.88991943543,69559.92018153309,1417375.0000000002,0.1652081417546065,2,1,4,0.03742,1,4
676847,ALUM 6061-T6,Aluminum,No,4,No,0.13,950,200.0,90.0,50.0,224.94443758403986,304974.38015605643,83090.89203584642,900000.0,0.33886042239561825,2,8,5,0.08973,3,8
672307,ALUM 6061-T6,Aluminum,No,4,No,0.13,230,95.0,82.0,40.0,131.71560272040668,86297.46112337729,19201.563195586426,311600.0,0.27694949012637127,30,7,0,0.0779,2,5
672238,DELRIN,Plastic,No,4,No,0.13,75,223.0,76.5,13.5,236.14296517152485,80933.20180426765,33189.346051304514,230303.25,0.3514201462822068,24,4,0,0.08525,2,7
670948,DELRIN,Plastic,No,5,No,0.13,595,330.0,115.0,28.0,350.5837988270422,172069.8202308951,63272.75180362138,1062600.0,0.1619328253631612,3,6,0,0.06064,2,7
667812,ALUM 5052-H32,Aluminum,No,5,No,0.25,380,247.7,198.5000001,32.6888,319.1020176763851,67398.70057740995,94113.02497786433,1607257.6291697016,0.041933974587650684,2,41,0,0.13256,2,16
679110,ALUM 6061-T6,Aluminum,No,4,No,0.13,1450,408.0,310.0,10.0,512.5075609198366,223407.0617364161,188054.24317288306,1264800.0,0.1766342992855915,6,5,3,0.08088,1,6
671823,304 SST,Stainless Steel,No,4,No,0.13,785,610.0000000000001,75.0,10.0,614.6747107210448,133460.6978101112,108994.48784679879,457500.00000000006,0.2917173722625381,1,6,0,0.12194,2,4
671511,ALUM 5052-H32,Aluminum,No,5,No,0.25,345,108.00000020000002,99.3,57.4800001,157.5704301406073,38262.437381074735,48579.973923069236,616438.5142139929,0.06207016028169869,3,2,0,0.04958,2,4
673408,CRS,Carbon Steel,No,2,No,0.25,175,320.0,7.5,7.5,320.1757329967404,13500.409388814825,7460.394427340782,18000.0,0.7500227438230459,12,0,0,0.12403,1,1
678115,ALUM 6061-T6,Aluminum,No,5,No,0.13,1675,285.00000009999997,265.0,23.20000010000655,389.8566916979113,1041763.8771242846,147406.8160181621,1752180.0081677947,0.5945529981326678,2,21,3,0.21948,3,24
672731,DELRIN,Plastic,No,4,No,0.13,375,164.0,84.0,6.35,184.37006942559847,51105.4221215985,24360.14845452353,87477.59999999999,0.5842115252544481,6,6,0,0.06751,2,6
659417,ALUM 6061-T6,Aluminum,No,6,No,0.13,1750,334.5000000000001,296.1432,19.500000000008612,447.1815010778514,574344.577617575,256872.92229685374,1931668.0578008536,0.2973308873116891,3,38,0,0.14899,3,9
659418,ALUM 6061-T6,Aluminum,No,6,No,0.13,1750,334.5000001000113,296.1432,19.500000000008612,447.18150115266155,709736.6697212827,270855.9570711112,1931668.0583783975,0.3674216523086759,3,44,0,0.8607,2,13
371488,ALUM 6061-T6,Aluminum,No,4,No,0.13,350,178.0,70.0,8.0,191.43667360252581,47990.566243336936,19892.851019277456,99680.0,0.4814462905631715,15,8,0,0.15703,2,10
1000006685,DELRIN,Plastic,No,2,No,0.13,750,38.00000000000001,38.00000000000001,23.0,58.45511098270194,19606.71902096207,4324.273175061585,33212.00000000001,0.5903504462532237,1,0,0,0.02428,1,2
677428,ALUM 6061-T6,Aluminum,No,4,No,0.13,1250,363.5,250.0,10.0,441.28477200102884,156469.79391961318,110002.71715386437,908750.0,0.17218134131456747,2,5,2,0.20823,1,9
638228,ALUM 6061-T6,Aluminum,No,4,No,0.13,925,186.5,88.55000000000001,16.0,207.07330223860342,116488.23815208192,36141.118765805964,264233.2,0.44085390538388786,5,9,1,0.1053,2,12
672308,ALUM 6061-T6,Aluminum,No,4,No,0.13,220,63.0,43.0,25.0,80.26830009412184,19297.891590300853,10010.141453876733,67725.0,0.28494487398007906,21,12,0,0.13021,1,6
675857,304 SST,Stainless Steel,No,7,No,0.13,675,125.5,84.97436308689,20.000000200000002,152.8754146029459,118504.5806525143,25073.55779167755,213285.65348095042,0.5556144012428783,5,10,0,0.41162,2,16
596795,420 PH,Stainless Steel,No,5,No,0.02,880,64.00000000000003,43.000000099999994,12.0000002,78.0320447854598,8867.394216560111,4827.366338633655,33024.00062720002,0.2685136279114692,6,5,1,0.17934,2,14
596796,420 PH,Stainless Steel,No,5,No,0.02,880,64.00000000000003,43.0000001,12.0000002,78.0320447854598,8916.913570762326,4826.753728066203,33024.00062720002,0.27001312383145865,6,5,1,0.17909,2,14
599152,420 PH,Stainless Steel,No,4,No,0.02,320,60.0,8.0000002,5.000000200000011,60.73713859904828,1108.1846135089702,1166.1651262207167,2400.000156000008,0.4617435589487381,6,2,0,0.07465,1,6
599159,420 PH,Stainless Steel,No,4,No,0.02,320,60.0,8.0000002,5.000000200000006,60.73713859904828,1108.1846135089693,1166.1651262207165,2400.0001560000055,0.46174355894873814,6,2,0,0.07465,1,6
682838,ALUM 6061-T6,Aluminum,No,6,No,0.13,1625,366.24260000000004,326.6440001000001,15.400000100000128,490.98584995819266,1094449.5438701487,291259.82019159925,1842316.6091768842,0.5940615952863445,6,82,0,0.66706,3,29
015-00042,304 SST,Stainless Steel,No,5,No,0.25,1460,548.9956002006837,177.80000019999997,110.00000020000009,587.4597936495986,3791572.1238027653,318070.8591801978,10737255.980325166,0.3531230074751316,8,21,0,7.55505,2,10
680214,CRS,Carbon Steel,No,5,No,0.25,685,861.0001959790307,290.76000020001504,169.5000001,924.4419750455634,1273876.3451428227,865084.8229731207,42433378.73281981,0.030020620162342897,2,32,12,0.28255,2,12
680215,CRS,Carbon Steel,No,5,No,0.25,685,562.6000002000001,366.0000002,85.4610000000115,676.5931886240372,870431.3463818488,590860.0733659527,17597411.263474185,0.04946360196675901,2,24,6,0.17253,2,7
595428,416 PH,Stainless Steel,No,4,No,0.02,148,40.5,9.52500000000001,9.52500000000001,42.68139231562158,2520.96729290203,1356.0550697195931,3674.3878125000074,0.6860917849569056,20,0,0,0.0805,2,6
595429,416 PH,Stainless Steel,No,4,No,0.02,148,67.0,12.700000000000008,12.700000000000008,69.36555341089696,5962.423219163538,2403.6960941593275,10806.430000000013,0.5517477297464132,20,0,0,0.10823,2,6
595430,304 SST,Stainless Steel,No,4,No,0.02,368,37.755963102855766,31.750000000000007,12.700000000000006,50.93981988409663,11344.828023757682,3738.796398538446,15224.148222149028,0.7451863879814654,10,3,1,0.13009,2,9
596568,O1,Carbon Steel,No,3,No,0.02,338,70.0,31.75,6.350000000000003,77.12577390211395,13119.209664021799,6050.661699048652,14112.875000000007,0.9295915725195463,10,5,0,0.11025,1,8
596607,416 PH,Stainless Steel,No,3,No,0.02,310,25.76581791600077,10.000000200000086,9.897956406419244,29.35722939760978,786.1212621809002,787.1540914089767,2550.2894760889258,0.30824785560676055,10,0,0,0.05876,2,6
596609,420 PH,Stainless Steel,No,5,No,0.02,630,38.000000000000014,34.0000001,30.000000200000002,59.16079798988517,18771.701043824552,8546.154186115255,38760.00037240002,0.48430600782943717,10,14,1,0.19224,3,23
596610,420 PH,Stainless Steel,No,5,No,0.02,630,38.00000000000001,35.0000001,30.000000200000002,59.741108283994876,19802.937849398502,8734.698971137574,39900.00038000001,0.4963142270876965,10,14,1,0.19375,3,23
596620,420 PH,Stainless Steel,No,4,No,0.02,760,44.00000010000001,42.00000020000001,22.00000000000002,64.68384671307051,9248.469990735968,5317.445245278241,40656.00028600005,0.22748105877795094,10,4,0,0.12,3,13
596621,420 PH,Stainless Steel,No,4,No,0.02,760,44.00000010000001,42.00000020000001,22.000000000000018,64.68384671307051,9091.847609496652,5297.223700459629,40656.00028600005,0.2236286783141194,10,4,0,0.11987,3,13
596666,ALUMINUM,Aluminum,No,4,No,0.02,210,95.0,35.00000000000001,15.875000000000039,102.47934243056012,26334.164887755793,8857.400046578161,52784.37500000014,0.4989007615938566,10,4,0,0.0694,1,5
597596,4140,Carbon Steel,No,3,No,0.02,570,90.0,88.00000000000003,12.0,126.44366334458996,32028.99152918296,12942.04690671299,95040.00000000003,0.3370053822515041,10,2,3,0.1045,2,6
597776,416 PH,Stainless Steel,No,4,No,0.02,450,129.5000001,15.99000020000003,15.990000000000029,131.45953838461475,16336.062888255912,5797.795176620736,33110.57338970913,0.49337903925678356,10,0,0,0.17229,2,6
597779,420 PH,Stainless Steel,No,4,No,0.02,730,90.0,37.000000000000014,35.000000000000014,103.41179816636013,42192.57114646025,14640.158417779356,116550.0000000001,0.3620126224492511,10,10,1,0.17807,2,18
597783,ALUMINUM,Aluminum,No,4,No,0.02,510,125.0,115.0,32.000000100000015,172.84096738447167,120366.90350209721,34910.486596802846,460000.00143750024,0.2616671807085882,10,14,0,0.11832,3,16
598332,420 PH,Stainless Steel,No,3,No,0.02,110,35.0,35.0,3.175000000000002,49.59919984233617,2188.396986925899,1980.3868476508114,3889.3750000000027,0.56266032124079,10,4,0,0.12273,2,11
598347,420 PH,Stainless Steel,No,3,No,0.02,110,35.0,35.0,3.175000000000002,49.59919984233617,1705.3268509540103,1726.1361947158857,3889.3750000000027,0.4384578115902964,10,4,0,0.12267,2,11
679583,ALUM 6061-T6,Aluminum,No,4,No,0.13,925,397.0,40.00000020000013,23.594616905551685,399.7070251608292,78299.97579089609,39367.732513421266,374682.5183335746,0.20897685896620008,15,12,0,0.06547,2,4
678287,ALUM 6061-T6,Aluminum,No,5,No,0.13,1150,404.0,67.0,12.00000003517,409.69378809159906,84261.65513650911,61266.836667061936,324816.0009519816,0.25941349837924316,15,32,0,0.12162,3,6
683029,ALUM 6061-T6,Aluminum,No,4,No,0.13,975,419.3288141248,181.50801340546,6.800000000001984,456.9770817948179,185392.90162338907,83724.07499712397,517558.4721052779,0.3582066792748353,12,11,0,0.16197,2,11
683934,ALUM 6061-T6,Aluminum,No,4,No,0.13,195,63.0,43.0,25.0,80.26830009412184,20083.656640212335,10429.057365340457,67725.0,0.2965471633844568,21,12,0,0.12929,1,6
683305,ALUM 5052-H32,Aluminum,No,4,No,0.25,585,448.0000002,402.5000002,46.0000001,604.0084853289728,449963.0229160338,456582.34438741807,8294720.025856599,0.05424692111528694,6,9,2,0.08719,2,7
683103,ALUM 5052-H32,Aluminum,No,4,No,0.25,485,125.0,97.0,66.70001846093743,171.70583118429437,39795.30289804685,56695.84066181935,808737.7238388663,0.049206685585468875,20,5,4,0.05714,1,4
683933,ALUM 6061-T6,Aluminum,No,4,No,0.13,295,89.0,76.5,46.0,126.05256839906119,75142.21804392677,20049.2350385714,313191.0,0.23992457651697133,11,15,0,0.22533,2,10
678554,ALUM 6061-T6,Aluminum,No,7,No,0.13,1880,269.5,264.5,31.0,378.8819077232377,358339.7814686957,142700.80401375765,2209765.25,0.16216192261539805,13,43,3,0.61789,2,19
677960,ALUM 6061-T6,Aluminum,No,4,No,0.13,1450,463.0,310.0,10.0,557.2871791096579,239363.0617364178,202875.80676279883,1435300.0,0.1667686628136402,5,5,3,0.08332,1,6
683030,ALUM 6061-T6,Aluminum,No,4,No,0.13,195,28.66000010000357,26.0,26.0,46.61969118014623,4205.620639448316,2231.606801434166,19374.16006760241,0.21707370150621294,25,1,0,0.04445,2,5
660324,304 SST,Stainless Steel,No,6,No,0.13,975,68.7,67.05095423221,15.0000002,97.1623407985312,29920.097856302218,12851.60231583379,69096.00925757251,0.4330220830086964,10,11,2,0.32471,3,15
671351,ALUM 6061-T6,Aluminum,No,5,No,0.13,225,42.7,20.0,8.0,47.82562074871585,3624.6294147501394,2698.103793935289,6832.0,0.5305370923229127,6,10,0,0.05875,1,9
688373,PEEK,Plastic,No,3,No,0.13,275,14.6,10.00000000000001,10.0,20.326337594362645,840.0029707076561,786.39954605578,1460.0000000000014,0.5753445004846954,10,1,0,0.04083,2,4
688925,ALUM 6061-T6,Aluminum,No,4,No,0.13,385,92.0,68.0,49.5000000000001,124.65251702232094,77098.88887469585,22093.385664613197,309672.00000000064,0.2489695189577866,30,14,0,0.08562,2,9
688926,ALUM 5052-H32,Aluminum,No,4,No,0.13,1420,485.5000002,398.0000002,30.5000001,628.5256560869254,479758.6924786224,485361.4057323702,5893484.52471225,0.08140492953988825,10,18,0,0.1425,2,8
030-00396,304 SST,Stainless Steel,No,4,No,0.25,235,195.58,68.58000000000001,63.5,216.76485600761026,104272.86246422846,37472.57565539993,851717.6514000002,0.12242656036637405,8,4,0,0.09576,2,4
1037301,ALUM MIC-6,Aluminum,No,4,No,0.05,1014,270.0000002,199.00000020000002,12.700000100000004,335.6520373692673,459768.84688138653,92817.54276080083,682371.0065642602,0.6737813337004511,4,13,0,0.21744,3,21
1037789,ALUM 7075-T6,Aluminum,No,5,No,0.05,624,231.0,120.00000000000003,14.25000010000003,260.6991800962366,88294.52586128304,40933.50683087215,395010.0027720009,0.22352478479449162,10,6,0,0.16696,2,8
1038359,ALUM MIC-6,Aluminum,No,5,No,0.13,689,217.0,98.0000001000071,8.3700001,238.24998829228804,80298.85462582372,40866.432582432615,177996.4223082419,0.45112622818209075,6,14,0,0.25749,3,8
1038951,ALUM MIC-6,Aluminum,No,6,No,0.13,1730,182.00000000000003,156.0000001000162,12.800000000000004,240.04966159360663,240826.4067937745,78458.48663777777,363417.6002329979,0.6626712813011079,2,51,3,0.25865,3,10
355897,PVC,Plastic,No,4,No,0.13,550,177.80000019999997,177.80000019999997,17.525999999999996,252.05721735002945,172613.72159006828,60698.375820419635,554046.6350864489,0.3115508887859865,5,0,6,0.09892,2,8
621224,CRS,Carbon Steel,No,4,No,0.25,425,155.0,47.0,45.0,168.1041343929411,25542.213942299666,26933.852452744435,327825.0,0.07791417354472559,3,2,1,0.07787,3,5
666360,ALUM 6061-T6,Aluminum,No,4,No,0.13,185,85.00000019999999,38.0000002,8.000000200000715,93.45052194824815,19668.632224479436,8907.527795096685,25840.000842802314,0.7611699529010696,28,5,0,0.09739,3,8
668021,ALUM 6061-T6,Aluminum,No,4,No,0.13,825,127.0,110.0,50.0,175.29689101635546,413877.1266383601,43834.149013005685,698500.0,0.5925227296182678,2,12,0,0.2034,2,7
668454,CRS,Carbon Steel,No,3,No,0.25,410,204.0,185.0,11.9888,275.6532809988664,51911.14445937182,71521.09122286605,452457.312,0.11473158479837281,3,26,1,0.12564,1,9
669213,303 SST,Stainless Steel,No,4,No,0.13,525,100.00000195997512,14.150000100000002,12.650000200000001,101.78529068527058,11184.043849139736,5054.152186486066,17899.75076033066,0.6248156188814518,2,0,0,0.14069,2,5
670943,ALUM 6061-T6,Aluminum,No,5,No,0.13,225,42.7,20.0,19.0,50.83591250287537,11485.079447535849,4762.563901701643,16226.0,0.7078195148241001,5,10,0,0.07655,1,9
670945,ALUM 6061-T6,Aluminum,No,4,No,0.13,125,42.7,37.5,8.0,57.38937183834651,7591.615472376146,4142.419474930761,12810.0,0.5926319650566858,6,7,0,0.07487,2,9
671031,ALUM 6061-T6,Aluminum,No,4,No,0.13,425,334.00000020000004,40.000000200000684,23.59461700555,337.21314639444097,74167.39416084382,36501.170617655334,315224.0849590308,0.235284667954491,30,12,0,0.06317,2,4
671205,POLYCARBONATE,Plastic,No,6,No,0.13,2650,448.0,194.0000002,74.0,493.7772778060975,431608.8877058302,338275.6902447461,6431488.0066304,0.06710871376279838,5,15,0,0.10879,2,9
671258,DELRIN,Plastic,No,4,No,0.13,145,122.0,42.7,8.0,129.50401538176337,31204.82117752088,14933.758555195682,41675.200000000004,0.7487623617288189,12,23,8,0.10335,2,12
671600,ALUM 6061-T6,Aluminum,No,5,No,0.13,380,140.0,87.5,29.0,167.62234337939557,62169.09393240202,34035.48679211677,355250.0,0.1750009681418776,1,9,0,0.09112,3,13
671890,ALUM 6061-T6,Aluminum,No,4,No,0.13,520,442.0,100.0,19.05000000000018,453.57127609671227,363307.9500014327,108079.21320146152,842010.0000000079,0.4314770014624877,10,10,15,0.18769,2,10
672040,DELRIN,Plastic,No,3,No,0.13,95,124.0,39.9,6.0,130.39942484535734,24770.89183926047,12181.854518578619,29685.6,0.8344413398839999,12,4,0,0.05319,2,5
672195,ALUM 5052-H32,Aluminum,No,5,No,0.13,395,155.0000002,99.3,57.4800001,192.8456389797187,56039.26842576008,71164.16009896998,884703.4226807028,0.06334243429957334,6,2,0,0.05174,2,4
673436-LH,ALUM 5052-H32,Aluminum,No,4,No,0.25,1050,852.2095,155.15,54.5,867.930184052986,258948.33769653822,349113.6723615293,7206006.563912501,0.03593506825172003,1,10,0,0.11072,3,7
673436-RH,ALUM 5052-H32,Aluminum,No,4,No,0.25,1050,852.2095,155.15,54.5,867.930184052986,258934.4832729361,349103.1969860147,7206006.563912501,0.035933145630157134,1,10,0,0.11072,3,7
675038,PEEK,Plastic,No,3,No,0.25,320,208.7573593129,88.6,1.0000000000000002,226.78314546565235,11971.8052310296,24869.522337184353,18495.902035122945,0.6472679844592409,7,7,0,0.05822,1,3
675039,PEEK,Plastic,No,3,No,0.13,130,44.5,35.56,3.44,57.06660319311112,4523.532045753007,3738.4329930102194,5443.5248,0.8309931913514947,7,3,0,0.04903,2,5
675051,PEEK,Plastic,No,4,No,0.25,350,240.0,129.2289321881,1.000000000000071,272.5823121819839,11007.112680491477,22903.160962818747,31014.943725146204,0.35489707084546995,7,8,0,0.07684,1,6
676899,304 SST,Stainless Steel,No,5,No,0.13,610,104.0,85.0,15.0,135.15176654413364,36143.06059791077,21456.299444092212,132600.0,0.2725721010400511,4,12,2,0.10383,2,11
677002,ALUM 5052-H32,Aluminum,No,4,No,0.25,375,148.0,134.83001854420812,91.0000001,219.91847107242154,70540.12711457782,64653.52718117613,1815890.6917488792,0.03884602054248145,3,15,0,0.07828,3,6
677331,304 SST,Stainless Steel,No,4,No,0.25,750,1430.0,21.80000000000021,9.6,1430.1983778483318,37323.19432780967,77798.34128005727,299270.4000000029,0.12471395209084933,3,4,2,0.20193,2,5
680218,CRS,Carbon Steel,No,4,No,0.25,650,1014.0,200.0,22.0,1033.76980029405,406662.8224097311,547827.8026737351,4461600.0,0.09114730643933366,4,16,0,0.18346,4,8
680463,ALUM 5052-H32,Aluminum,No,4,No,0.25,725,240.0,40.0,16.0,243.83601046605074,20324.951837045384,28478.46564689119,153600.0,0.13232390518909756,1,5,0,0.0794,2,9
680749,CRS,Carbon Steel,No,6,No,0.25,1350,1286.190230304891,707.8520000000001,456.03553390595977,1537.3054903371167,2391098.9640213484,4020636.7095219414,415189492.2838975,0.005759054620742586,2,71,33,0.85409,6,11
683935,ALUM 6061-T6,Aluminum,No,5,No,0.13,675,388.5000000000001,215.0,10.000000000000103,444.13652180382564,343510.9412692212,156252.5446868132,835275.0000000088,0.4112549055930293,7,43,4,0.33975,1,15
4003-2800-01,CRS,Carbon Steel,No,3,No,0.25,450,115.00000000000043,51.4,45.000000000000014,133.76083133712984,42749.34391080459,22083.700411356866,265995.00000000105,0.16071484016919274,8,1,2,0.06453,2,2
671166-RH,ALUM 6061-T6,Aluminum,No,6,No,0.13,2250,275.50000009999997,270.5,31.000000200000002,387.33899889825193,465138.3909020344,206305.53885166507,2310205.2657430996,0.20134071971843515,2,39,5,0.13186,2,14
671171-RH,ALUM 6061-T6,Aluminum,No,6,No,0.13,1950,275.5,270.5,31.000000000017604,387.33899881112035,416023.6446216582,206281.0093172528,2310205.250001312,0.180080815166281,3,39,3,0.13325,2,14
671172-LH,ALUM 5052-H32,Aluminum,No,2,No,0.25,375,254.5,159.5,1.2000000000000863,300.3530256215176,39967.11944597284,68035.81678478523,48711.3000000035,0.8204896901944717,6,8,0,0.17018,1,4
671172-RH,ALUM 5052-H32,Aluminum,No,2,No,0.25,375,254.5,159.5,1.2000000000000863,300.3530256215176,39967.11944597284,68035.81678478525,48711.3000000035,0.8204896901944717,6,8,0,0.17024,1,4
671255-0002,ALUM 6061-T6,Aluminum,No,3,No,0.13,550,205.4,12,9.7,205.97876104103548,23466.569449600534,9426.406902716455,23908.56,0.9815132927119213,5,3,0,0.08879,1,6
671255-0004,ALUM 6061-T6,Aluminum,No,3,No,0.13,550,107.78,12,9.7,108.87891623266647,12244.464966400352,5087.707097217662,12545.592,0.9759973834953625,5,2,0,0.06101,1,6
671474-LH,ALUM 6061-T6,Aluminum,No,5,No,0.13,950,436,252.5,20,504.23432052965217,706491.6558949712,133277.72175176485,2201800,0.32087004082794585,3,14,1,0.40837,2,13
671474-RH,ALUM 6061-T6,Aluminum,No,5,No,0.13,950,436,252.5,20,504.23432052965217,706491.6558949717,133277.72175176477,2201800,0.32087004082794607,3,14,1,0.40832,2,13
671676-LH,ALUM 6061-T6,Aluminum,No,5,No,0.13,950,369,200,20,420.19162295314743,405594.3286895414,84279.27550625234,1476000,0.27479290561622044,1,14,1,0.33608,2,13
671676-RH,ALUM 6061-T6,Aluminum,No,5,No,0.13,950,369,200,20,420.19162295314743,405594.32868954085,84279.27550625236,1476000,0.2747929056162201,1,14,1,0.33616,2,13
673979-LH,ACETAL,Plastic,No,4,No,0.13,485,260,55.5,30,267.5448560522142,354370.0545725088,49016.48951549658,432900,0.8185956446581399,2,3,0,0.08972,1,7
673979-RH,ACETAL,Plastic,No,4,No,0.13,485,260,55.5,30,267.5448560522142,354370.0545725087,49016.48951549656,432900,0.8185956446581398,2,3,0,0.08973,1,7
676548-LH,CRS,Carbon Steel,No,4,No,0.25,425,726,28,21.5,726.8577921436903,40618.58522904759,56773.900193380396,437052,0.09293764867578135,12,3,0,0.11651,2,3
676548-RH,CRS,Carbon Steel,No,4,No,0.25,425,726,28,21.5,726.8577921436903,40618.585229047625,56773.90019338038,437052,0.09293764867578143,12,3,0,0.11645,2,3
677300,ALUM 6061-T6,Aluminum,No,3,No,0.13,750,74.5,28,25,83.422119368906,14034.892962267973,6145.098416334643,52150,0.26912546428126505,6,5,0,0.05566,1,6
677673,ALUM 5052-H32,Aluminum,No,4,No,0.25,385,543.1800000000002,224.9895142095004,78.18000000000043,593.1078369944433,203061.98962689255,273530.0970627868,9554362.502387835,0.021253326904452613,1,5,0,0.08939,3,3
677674,ALUM 5052-H32,Aluminum,No,4,No,0.25,385,543.1800000000006,224.9895142095004,78.18000000000043,593.1078369944438,203062.12972762145,273530.28386378655,9554362.502387842,0.02125334156798759,20,5,0,0.08939,3,3
682851,304 SST,Stainless Steel,No,4,No,0.25,725,1430,36.2,10,1430.4930758308478,58433.26719098174,120049.00959910892,517660.00000000006,0.11287962599192856,3,6,0,0.20507,2,6
683299,304 SST,Stainless Steel,No,5,No,0.13,345,104,34,4.5,109.50913203929616,8018.522465270483,8615.545061415216,15912,0.5039292650371093,2,10,0,0.15199,1,7
684001,ALUM 6061-T6,Aluminum,No,4,No,0.13,135,95.1,32.5,5,100.62435092958363,6703.929807379049,4393.2997006611695,15453.75,0.4338060216697597,32,5,0,0.04319,1,7